{"iter": 1000, "_step": 594, "_runtime": 10053, "_timestamp": 1612381707, "train/loss_train": 9.100907325744629, "train/dist_from_goal": 9.242300009080903, "train/movements": 9.625, "train/value_loss": 2.2517435550689697, "epoch": 5, "epoch/learning_rate": 0.0001, "epoch/train/loss": 7.749584610462189, "epoch/train/dist_from_goal": 8.529639139586479, "epoch/train/movements": 9.5003125, "epoch/train/val_loss": 1.5978372845053672, "val_iter": 316, "val/val_seen/loss": 7.559459209442139, "val/val_seen/dist_from_goal": 7.0994405109774625, "val/val_seen/movements": 11.0, "val/val_seen/val_loss": 1.4718923568725586, "val_epoch": 5, "val/epoch/val_seen/loss": 8.070960462093353, "val/epoch/val_seen/dist_from_goal": 7.811501252381558, "val/epoch/val_seen/movements": 11.0, "val/epoch/val_seen/val_loss": 1.72680040076375}