{"epoch": 1, "_step": 70, "_runtime": 131, "_timestamp": 1612370686, "epoch/learning_rate": 0.0001, "epoch/train/loss": 26.172428131103516, "epoch/train/dist_from_goal": 9.512539625267422, "epoch/train/movements": 4.25, "epoch/train/val_loss": 1.8622486591339111, "val_iter": 60, "val/val_seen/loss": 3.1653645038604736, "val/val_seen/dist_from_goal": 10.00853897349115, "val/val_seen/movements": 2.125, "val/val_seen/val_loss": 0.16156429052352905, "val_epoch": 1, "val/epoch/val_seen/loss": 3.333647020161152, "val/epoch/val_seen/dist_from_goal": 10.301317193375583, "val/epoch/val_seen/movements": 2.375, "val/epoch/val_seen/val_loss": 0.22934066532980069}