{"iter": 20, "_step": 9, "_runtime": 167, "_timestamp": 1612460909, "train/loss_train": 16.160234451293945, "train/dist_from_goal": 9.329888968078551, "train/movements": 9.0, "train/value_loss": 0.8130383491516113}