{"train loss": 0.9225056924819947, "_step": 64, "_runtime": 466, "_timestamp": 1611679341, "val_seen loss": 0.9058795235373757, "val_seen length": 5.098593923590815, "val_seen nav_error": 8.840938868543345, "val_seen oracle success_rate": 0.11176470588235295, "val_seen success_rate": 0.08627450980392157, "val_seen spl": 0.0768876263115823, "val_unseen loss": 0.9287928581237793, "val_unseen length": 4.407707152962245, "val_unseen nav_error": 8.628896290769319, "val_unseen oracle success_rate": 0.08684546615581099, "val_unseen success_rate": 0.06470838654746701, "val_unseen spl": 0.06042341501721149}