{"val_iter": -3, "_step": 863, "_runtime": 983, "_timestamp": 1612443701, "val/val_seen/loss": 9.403928756713867, "val/val_seen/dist_from_goal": 7.4148701180418115, "val/val_seen/movements": 5.25, "val/val_seen/val_loss": 0.1560312956571579, "val_epoch": 0, "val/epoch/val_seen/loss": 7.689128019846976, "val/epoch/val_seen/dist_from_goal": 10.611615631978935, "val/epoch/val_seen/movements": 4.931640625, "val/epoch/val_seen/val_loss": 1.638902424551972, "score/val_seen/nav_error": 10.610622140783521, "score/val_seen/oracle_error": 8.760718773690913, "score/val_seen/steps": 3.933333333333333, "score/val_seen/lengths": 6.839950372681763, "score/val_seen/spl": 0.024602469553988655, "score/val_seen/success_rate": 0.03333333333333333, "score/val_seen/oracle_rate": 0.06568627450980392, "val/val_unseen/loss": 4.695215225219727, "val/val_unseen/dist_from_goal": 11.380057531288362, "val/val_unseen/movements": 3.0, "val/val_unseen/val_loss": 0.22672675549983978, "val/epoch/val_unseen/loss": 7.027330522837282, "val/epoch/val_unseen/dist_from_goal": 9.94831676287108, "val/epoch/val_unseen/movements": 4.749574829931973, "val/epoch/val_unseen/val_loss": 1.131383918797596, "score/val_unseen/nav_error": 9.948170373090397, "score/val_unseen/oracle_error": 8.284751772122755, "score/val_unseen/steps": 3.7496807151979565, "score/val_unseen/lengths": 6.09352720329885, "score/val_unseen/spl": 0.015004588573146101, "score/val_unseen/success_rate": 0.02554278416347382, "score/val_unseen/oracle_rate": 0.05278842060451256}