{"train loss": 0.6316277041435242, "_step": 2599, "_runtime": 11569, "_timestamp": 1611730633, "val_seen loss": 0.937365098433061, "val_seen length": 11.4549794564421, "val_seen nav_error": 6.414783455037117, "val_seen oracle success_rate": 0.5127450980392156, "val_seen success_rate": 0.3637254901960784, "val_seen spl": 0.30162152843620416, "val_unseen loss": 1.170516800880432, "val_unseen length": 8.776080701919087, "val_unseen nav_error": 8.017650415394208, "val_unseen oracle success_rate": 0.2852277564921243, "val_unseen success_rate": 0.20051085568326948, "val_unseen spl": 0.1689278140735991}